{
    "Degree__WeightedDegree": {
        "Linear": {
            "Equation": "y = 1613.35645399 * x + -985.17625271",
            "R2": 0.5820151204598675,
            "RMSE": 617.6542623309437,
            "MAE": 547.3287107740629,
            "AIC": 93.96300396780083,
            "BIC": 93.85482426591146,
            "Quality": "Poor"
        },
        "Quadratic": {
            "Equation": "y = 113.59672199*x\u00b2 + 1272.56633591*x + -757.98286836",
            "R2": 0.5820151204598664,
            "RMSE": 617.6542623309444,
            "MAE": 547.3287056075771,
            "AIC": 95.96300396780084,
            "BIC": 95.80073441496678,
            "Quality": "Poor"
        },
        "Power": {
            "Equation": "y = 628.18020127 * x^1.83523771",
            "R2": 0.5820151204598674,
            "RMSE": 617.6542623309437,
            "MAE": 547.3287107740556,
            "AIC": 93.96300396780083,
            "BIC": 93.85482426591146,
            "Quality": "Poor"
        },
        "Exponential": {
            "Equation": "y = 176.04457383 * exp(1.27208985 x)",
            "R2": 0.5820151204598675,
            "RMSE": 617.6542623309437,
            "MAE": 547.3287106988206,
            "AIC": 93.96300396780083,
            "BIC": 93.85482426591146,
            "Quality": "Poor"
        },
        "Logarithmic": {
            "Equation": "y = 628.18020127 + 2327.58135535 ln(x)",
            "R2": 0.5820151204598675,
            "RMSE": 617.6542623309437,
            "MAE": 547.3287107740628,
            "AIC": 93.96300396780083,
            "BIC": 93.85482426591146,
            "Quality": "Poor"
        }
    },
    "Degree__MinimumDistance": {
        "Linear": {
            "Equation": "y = -37.73133593 * x + 665.91153720",
            "R2": 0.001534230912862311,
            "RMSE": 434.8358756502779,
            "MAE": 425.83308465209706,
            "AIC": 89.04956127553824,
            "BIC": 88.94138157364887,
            "Quality": "Poor"
        },
        "Quadratic": {
            "Equation": "y = -174.30751850*x\u00b2 + 485.19122291*x + 317.29650610",
            "R2": 0.001534230912861645,
            "RMSE": 434.83587565027807,
            "MAE": 425.83308645173827,
            "AIC": 91.04956127553824,
            "BIC": 90.88729172270418,
            "Quality": "Poor"
        },
        "Power": {
            "Equation": "y = 628.18020127 * x^-0.08936635",
            "R2": 0.001534230912862311,
            "RMSE": 434.8358756502779,
            "MAE": 425.8330846523386,
            "AIC": 89.04956127553824,
            "BIC": 88.94138157364887,
            "Quality": "Poor"
        },
        "Exponential": {
            "Equation": "y = 668.32267482 * exp(-0.06194403 x)",
            "R2": 0.001534230912862311,
            "RMSE": 434.8358756502779,
            "MAE": 425.83308471047985,
            "AIC": 89.04956127553824,
            "BIC": 88.94138157364887,
            "Quality": "Poor"
        },
        "Logarithmic": {
            "Equation": "y = 628.18020081 + -54.43480058 ln(x)",
            "R2": 0.001534230912862311,
            "RMSE": 434.8358756502779,
            "MAE": 425.8330856401036,
            "AIC": 89.04956127553824,
            "BIC": 88.94138157364887,
            "Quality": "Poor"
        }
    },
    "Degree__MaximumDistance": {
        "Linear": {
            "Equation": "y = 1022.90758864 * x + -394.72738737",
            "R2": 0.5559478499577744,
            "RMSE": 412.98884524912046,
            "MAE": 386.7215075282115,
            "AIC": 88.32788816919947,
            "BIC": 88.2197084673101,
            "Quality": "Poor"
        },
        "Quadratic": {
            "Equation": "y = 321.48280878*x\u00b2 + 58.45914169*x + 248.23824376",
            "R2": 0.555947849957773,
            "RMSE": 412.98884524912114,
            "MAE": 386.72150357762104,
            "AIC": 90.3278881691995,
            "BIC": 90.16561861636544,
            "Quality": "Poor"
        },
        "Power": {
            "Equation": "y = 628.18020127 * x^1.39416645",
            "R2": 0.5559478499577744,
            "RMSE": 412.98884524912046,
            "MAE": 386.7215075282115,
            "AIC": 88.32788816919947,
            "BIC": 88.2197084673101,
            "Quality": "Poor"
        },
        "Exponential": {
            "Equation": "y = 239.00023226 * exp(0.96636255 x)",
            "R2": 0.5559478499577744,
            "RMSE": 412.98884524912046,
            "MAE": 386.7215075338741,
            "AIC": 88.32788816919947,
            "BIC": 88.2197084673101,
            "Quality": "Poor"
        },
        "Logarithmic": {
            "Equation": "y = 628.18020108 + 1475.74370483 ln(x)",
            "R2": 0.5559478499577744,
            "RMSE": 412.98884524912046,
            "MAE": 386.7215074422514,
            "AIC": 88.32788816919947,
            "BIC": 88.2197084673101,
            "Quality": "Poor"
        }
    },
    "Degree__AverageDistance": {
        "Linear": {
            "Equation": "y = 492.58812636 * x + 135.59207492",
            "R2": 0.2569621309395651,
            "RMSE": 378.4049515586946,
            "MAE": 341.1470589348172,
            "AIC": 87.10350891649281,
            "BIC": 86.99532921460344,
            "Quality": "Poor"
        },
        "Quadratic": {
            "Equation": "y = 466.19512596*x\u00b2 + -905.99725301*x + 1067.98232705",
            "R2": 0.256962130939565,
            "RMSE": 378.4049515586946,
            "MAE": 341.14705932955206,
            "AIC": 89.10350891649281,
            "BIC": 88.94123936365875,
            "Quality": "Poor"
        },
        "Power": {
            "Equation": "y = 628.18020127 * x^0.83523771",
            "R2": 0.2569621309395651,
            "RMSE": 378.40495155869456,
            "MAE": 341.14705893481704,
            "AIC": 87.10350891649281,
            "BIC": 86.99532921460344,
            "Quality": "Poor"
        },
        "Exponential": {
            "Equation": "y = 352.08914772 * exp(0.57894267 x)",
            "R2": 0.2569621309395651,
            "RMSE": 378.4049515586946,
            "MAE": 341.14705893481323,
            "AIC": 87.10350891649281,
            "BIC": 86.99532921460344,
            "Quality": "Poor"
        },
        "Logarithmic": {
            "Equation": "y = 628.18020127 + 710.65444710 ln(x)",
            "R2": 0.2569621309395651,
            "RMSE": 378.40495155869456,
            "MAE": 341.14705893481704,
            "AIC": 87.10350891649281,
            "BIC": 86.99532921460344,
            "Quality": "Poor"
        }
    },
    "WeightedDegree__MinimumDistance": {
        "Linear": {
            "Equation": "y = 0.24045426 * x + 173.08176992",
            "R2": 0.2786619632474109,
            "RMSE": 369.59679324212544,
            "MAE": 321.8279794024665,
            "AIC": 86.77377728811715,
            "BIC": 86.66559758622778,
            "Quality": "Poor"
        },
        "Quadratic": {
            "Equation": "y = 0.00007347*x\u00b2 + -0.00742500*x + 314.44583159",
            "R2": 0.3019255278812697,
            "RMSE": 363.58809614706985,
            "MAE": 308.18612161802076,
            "AIC": 88.54430272057131,
            "BIC": 88.38203316773725,
            "Quality": "Poor"
        },
        "Power": {
            "Equation": "y = 4.92843153 * x^0.64652613",
            "R2": 0.26434224350991053,
            "RMSE": 373.24731039224446,
            "MAE": 327.10508123154534,
            "AIC": 86.91137722669741,
            "BIC": 86.80319752480804,
            "Quality": "Poor"
        },
        "Exponential": {
            "Equation": "y = 237.40566482 * exp(0.00046492 x)",
            "R2": 0.30842737644104734,
            "RMSE": 361.89090969631457,
            "MAE": 300.5887452890455,
            "AIC": 86.47879936771062,
            "BIC": 86.37061966582125,
            "Quality": "Poor"
        },