{
    "bridges": [],
    "articulation_points": [],
    "connected_components": [
        [
            "Region 01",
            "Region 02",
            "Region 03",
            "Region 07"
        ],
        [
            "Region 04",
            "Region 05",
            "Region 06"
        ]
    ],
    "eccentricity": {},
    "clustering": {
        "Region 01": 0.32760524279104036,
        "Region 02": 0.32760524279104036,
        "Region 03": 0.6252924321426784,
        "Region 04": 0.23055910741292393,
        "Region 05": 0.23055910741292393,
        "Region 06": 0.23055910741292393,
        "Region 07": 0.35752329623044266
    }
}