Region,Degree,WeightedDegree
Region 01,2,2587.429897203
Region 02,2,1785.6249951722
Region 03,1,1100.5591261076
Region 04,1,155.8012764386
Region 05,2,1254.1767524722002
Region 06,2,3190.0364417036003
Region 07,2,2390.4151897468
