{
    "edges": 6,
    "minimum": 155.8012764386,
    "maximum": 2091.66096567,
    "mean": 1038.6703065703334,
    "median": 1099.4673010706001,
    "std": 727.1865580845557,
    "variance": 528800.2902588629,
    "coefficient_variation": 0.7001129747183298,
    "total_length": 6232.021839422001,
    "max_min_ratio": 13.425185040087309
}